mes,previsao_receita
Set/2018,1310831.4742631582
Out/2018,1360500.1690977444
Nov/2018,1410168.8639323309
