estado_cliente,valor_total_item,participacao_pct
SP,5906687.87,37.41677246089131
RJ,2116878.4,13.409673773768521
MG,1850727.3,11.72370096327093
RS,881197.85,5.5820758049428845
PR,798562.44,5.0586097946790884
